"n","method","DE_pattern","sensitivity"
50,"CARseq","2_1_1",0.0355
50,"TOAST","2_1_1",0.006
50,"TOAST","2_1_1",0
50,"CARseq","2_1_1",0.118
50,"TOAST","2_1_1",0.014
50,"TOAST","2_1_1",5e-04
50,"CARseq","2_1_1",0.066
50,"TOAST","2_1_1",0.0115
50,"TOAST","2_1_1",0.0035
50,"CARseq","2_1_1",0.013
50,"TOAST","2_1_1",0.008
50,"TOAST","2_1_1",0
50,"CARseq","2_1_1",0.0905
50,"TOAST","2_1_1",0.009
50,"TOAST","2_1_1",0
50,"CARseq","2_1_1",0.032
50,"TOAST","2_1_1",0.007
50,"TOAST","2_1_1",0.0085
50,"CARseq","2_1_1",0.052
50,"TOAST","2_1_1",0.004
50,"TOAST","2_1_1",0
50,"CARseq","2_1_1",0.0315
50,"TOAST","2_1_1",0.002
50,"TOAST","2_1_1",0.001
50,"CARseq","2_1_1",0.0555
50,"TOAST","2_1_1",0.003
50,"TOAST","2_1_1",0
50,"CARseq","2_1_1",0.0245
50,"TOAST","2_1_1",0
50,"TOAST","2_1_1",0
50,"CARseq","2_2_1",0.0385
50,"TOAST","2_2_1",0.00425
50,"TOAST","2_2_1",0.001
50,"CARseq","2_2_1",0.06075
50,"TOAST","2_2_1",0.01625
50,"TOAST","2_2_1",0.00625
50,"CARseq","2_2_1",0.0235
50,"TOAST","2_2_1",0.008
50,"TOAST","2_2_1",0.001
50,"CARseq","2_2_1",0.02975
50,"TOAST","2_2_1",0.012
50,"TOAST","2_2_1",0.0095
50,"CARseq","2_2_1",0.02375
50,"TOAST","2_2_1",0.00825
50,"TOAST","2_2_1",0
50,"CARseq","2_2_1",0.03925
50,"TOAST","2_2_1",0.0105
50,"TOAST","2_2_1",0.024
50,"CARseq","2_2_1",0.024
50,"TOAST","2_2_1",0.00975
50,"TOAST","2_2_1",0
50,"CARseq","2_2_1",0.098
50,"TOAST","2_2_1",0.02625
50,"TOAST","2_2_1",0.0215
50,"CARseq","2_2_1",0.0155
50,"TOAST","2_2_1",0.00175
50,"TOAST","2_2_1",0
50,"CARseq","2_2_1",0.038
50,"TOAST","2_2_1",0.00325
50,"TOAST","2_2_1",0.00025
50,"CARseq","2_0.5_1",0.031
50,"TOAST","2_0.5_1",0.0035
50,"TOAST","2_0.5_1",0.0055
50,"CARseq","2_0.5_1",0.031
50,"TOAST","2_0.5_1",0.0045
50,"TOAST","2_0.5_1",0.00225
50,"CARseq","2_0.5_1",0.0175
50,"TOAST","2_0.5_1",0.00075
50,"TOAST","2_0.5_1",0
50,"CARseq","2_0.5_1",0.0135
50,"TOAST","2_0.5_1",0.004
50,"TOAST","2_0.5_1",0.00075
50,"CARseq","2_0.5_1",0.04525
50,"TOAST","2_0.5_1",0.0075
50,"TOAST","2_0.5_1",0.00025
50,"CARseq","2_0.5_1",0.02425
50,"TOAST","2_0.5_1",0.00175
50,"TOAST","2_0.5_1",0.00175
50,"CARseq","2_0.5_1",0.00375
50,"TOAST","2_0.5_1",0
50,"TOAST","2_0.5_1",0
50,"CARseq","2_0.5_1",0.03875
50,"TOAST","2_0.5_1",0.00925
50,"TOAST","2_0.5_1",0.00875
50,"CARseq","2_0.5_1",0.0065
50,"TOAST","2_0.5_1",5e-04
50,"TOAST","2_0.5_1",0.00025
50,"CARseq","2_0.5_1",0.01575
50,"TOAST","2_0.5_1",0.0015
50,"TOAST","2_0.5_1",0
50,"CARseq","1_2_1",0.001
50,"TOAST","1_2_1",0
50,"TOAST","1_2_1",0
50,"CARseq","1_2_1",0.001
50,"TOAST","1_2_1",0
50,"TOAST","1_2_1",0
50,"CARseq","1_2_1",5e-04
50,"TOAST","1_2_1",0
50,"TOAST","1_2_1",0
50,"CARseq","1_2_1",0.003
50,"TOAST","1_2_1",0
50,"TOAST","1_2_1",0
50,"CARseq","1_2_1",0.002
50,"TOAST","1_2_1",0.0015
50,"TOAST","1_2_1",5e-04
50,"CARseq","1_2_1",0.0025
50,"TOAST","1_2_1",0.002
50,"TOAST","1_2_1",0.003
50,"CARseq","1_2_1",0.002
50,"TOAST","1_2_1",0
50,"TOAST","1_2_1",0
50,"CARseq","1_2_1",0.003
50,"TOAST","1_2_1",0
50,"TOAST","1_2_1",0
50,"CARseq","1_2_1",0.0025
50,"TOAST","1_2_1",0.0015
50,"TOAST","1_2_1",5e-04
50,"CARseq","1_2_1",0
50,"TOAST","1_2_1",0
50,"TOAST","1_2_1",0
50,"CARseq","3_1_1",0.0715
50,"TOAST","3_1_1",0.0285
50,"TOAST","3_1_1",0.0395
50,"CARseq","3_1_1",0.2725
50,"TOAST","3_1_1",0.0935
50,"TOAST","3_1_1",0.005
50,"CARseq","3_1_1",0.236
50,"TOAST","3_1_1",0.0625
50,"TOAST","3_1_1",0.05
50,"CARseq","3_1_1",0.155
50,"TOAST","3_1_1",0.028
50,"TOAST","3_1_1",0.008
50,"CARseq","3_1_1",0.156
50,"TOAST","3_1_1",0.0535
50,"TOAST","3_1_1",0.1275
50,"CARseq","3_1_1",0.1235
50,"TOAST","3_1_1",0.0255
50,"TOAST","3_1_1",0
50,"CARseq","3_1_1",0.302
50,"TOAST","3_1_1",0.039
50,"TOAST","3_1_1",0.009
50,"CARseq","3_1_1",0.33
50,"TOAST","3_1_1",0.109
50,"TOAST","3_1_1",0.1965
50,"CARseq","3_1_1",0.3075
50,"TOAST","3_1_1",0.057
50,"TOAST","3_1_1",0.0575
50,"CARseq","3_1_1",0.248
50,"TOAST","3_1_1",0.0795
50,"TOAST","3_1_1",0.0315
50,"CARseq","3_3_1",0.0975
50,"TOAST","3_3_1",0.021
50,"TOAST","3_3_1",0.02775
50,"CARseq","3_3_1",0.063
50,"TOAST","3_3_1",0.025
50,"TOAST","3_3_1",0.04275
50,"CARseq","3_3_1",0.1155
50,"TOAST","3_3_1",0.03775
50,"TOAST","3_3_1",0.00075
50,"CARseq","3_3_1",0.1505
50,"TOAST","3_3_1",0.03
50,"TOAST","3_3_1",0.0025
50,"CARseq","3_3_1",0.1095
50,"TOAST","3_3_1",0.02625
50,"TOAST","3_3_1",0.00175
50,"CARseq","3_3_1",0.1175
50,"TOAST","3_3_1",0.02525
50,"TOAST","3_3_1",0.02025
50,"CARseq","3_3_1",0.11325
50,"TOAST","3_3_1",0.037
50,"TOAST","3_3_1",0
50,"CARseq","3_3_1",0.07225
50,"TOAST","3_3_1",0.033
50,"TOAST","3_3_1",0.04175
50,"CARseq","3_3_1",0.1845
50,"TOAST","3_3_1",0.082
50,"TOAST","3_3_1",0.06225
50,"CARseq","3_3_1",0.222
50,"TOAST","3_3_1",0.0455
50,"TOAST","3_3_1",0.02425
50,"CARseq","3_0.333_1",0.1555
50,"TOAST","3_0.333_1",0.07025
50,"TOAST","3_0.333_1",0.0285
50,"CARseq","3_0.333_1",0.135
50,"TOAST","3_0.333_1",0.04375
50,"TOAST","3_0.333_1",0.0445
50,"CARseq","3_0.333_1",0.17075
50,"TOAST","3_0.333_1",0.04625
50,"TOAST","3_0.333_1",0.046
50,"CARseq","3_0.333_1",0.13875
50,"TOAST","3_0.333_1",0.0425
50,"TOAST","3_0.333_1",0.01875
50,"CARseq","3_0.333_1",0.09575
50,"TOAST","3_0.333_1",0.0145
50,"TOAST","3_0.333_1",0.0055
50,"CARseq","3_0.333_1",0.1505
50,"TOAST","3_0.333_1",0.05275
50,"TOAST","3_0.333_1",0.084
50,"CARseq","3_0.333_1",0.1205
50,"TOAST","3_0.333_1",0.02625
50,"TOAST","3_0.333_1",0.01375
50,"CARseq","3_0.333_1",0.13175
50,"TOAST","3_0.333_1",0.03725
50,"TOAST","3_0.333_1",0.003
50,"CARseq","3_0.333_1",0.115
50,"TOAST","3_0.333_1",0.032
50,"TOAST","3_0.333_1",0.0705
50,"CARseq","3_0.333_1",0.14725
50,"TOAST","3_0.333_1",0.042
50,"TOAST","3_0.333_1",0.1195
50,"CARseq","1_3_1",0.043
50,"TOAST","1_3_1",0.0115
50,"TOAST","1_3_1",5e-04
50,"CARseq","1_3_1",0.0245
50,"TOAST","1_3_1",5e-04
50,"TOAST","1_3_1",0
50,"CARseq","1_3_1",0.0305
50,"TOAST","1_3_1",5e-04
50,"TOAST","1_3_1",0
50,"CARseq","1_3_1",0.0455
50,"TOAST","1_3_1",5e-04
50,"TOAST","1_3_1",0
50,"CARseq","1_3_1",0.0315
50,"TOAST","1_3_1",0
50,"TOAST","1_3_1",0
50,"CARseq","1_3_1",0.005
50,"TOAST","1_3_1",0
50,"TOAST","1_3_1",0
50,"CARseq","1_3_1",0.0065
50,"TOAST","1_3_1",0.002
50,"TOAST","1_3_1",0
50,"CARseq","1_3_1",0.035
50,"TOAST","1_3_1",0.0055
50,"TOAST","1_3_1",0.0035
50,"CARseq","1_3_1",0.013
50,"TOAST","1_3_1",0.003
50,"TOAST","1_3_1",0
50,"CARseq","1_3_1",0.008
50,"TOAST","1_3_1",0
50,"TOAST","1_3_1",0
50,"CARseq","4_1_1",0.391
50,"TOAST","4_1_1",0.1505
50,"TOAST","4_1_1",0.1085
50,"CARseq","4_1_1",0.2365
50,"TOAST","4_1_1",0.0795
50,"TOAST","4_1_1",0.0475
50,"CARseq","4_1_1",0.484
50,"TOAST","4_1_1",0.215
50,"TOAST","4_1_1",0.0805
50,"CARseq","4_1_1",0.3255
50,"TOAST","4_1_1",0.0915
50,"TOAST","4_1_1",5e-04
50,"CARseq","4_1_1",0.4285
50,"TOAST","4_1_1",0.145
50,"TOAST","4_1_1",0.16
50,"CARseq","4_1_1",0.426
50,"TOAST","4_1_1",0.1705
50,"TOAST","4_1_1",0.003
50,"CARseq","4_1_1",0.571
50,"TOAST","4_1_1",0.173
50,"TOAST","4_1_1",0.165
50,"CARseq","4_1_1",0.529
50,"TOAST","4_1_1",0.2135
50,"TOAST","4_1_1",0.2435
50,"CARseq","4_1_1",0.4565
50,"TOAST","4_1_1",0.1795
50,"TOAST","4_1_1",0.097
50,"CARseq","4_1_1",0.246
50,"TOAST","4_1_1",0.0905
50,"TOAST","4_1_1",0.1685
50,"CARseq","4_4_1",0.2605
50,"TOAST","4_4_1",0.1095
50,"TOAST","4_4_1",0.05875
50,"CARseq","4_4_1",0.27025
50,"TOAST","4_4_1",0.117
50,"TOAST","4_4_1",0.04575
50,"CARseq","4_4_1",0.25325
50,"TOAST","4_4_1",0.0935
50,"TOAST","4_4_1",0.0415
50,"CARseq","4_4_1",0.1675
50,"TOAST","4_4_1",0.05475
50,"TOAST","4_4_1",0.0795
50,"CARseq","4_4_1",0.2185
50,"TOAST","4_4_1",0.08225
50,"TOAST","4_4_1",0.02825
50,"CARseq","4_4_1",0.214
50,"TOAST","4_4_1",0.0775
50,"TOAST","4_4_1",0.0385
50,"CARseq","4_4_1",0.156
50,"TOAST","4_4_1",0.05
50,"TOAST","4_4_1",0.015
50,"CARseq","4_4_1",0.17475
50,"TOAST","4_4_1",0.0635
50,"TOAST","4_4_1",0.05875
50,"CARseq","4_4_1",0.17975
50,"TOAST","4_4_1",0.084
50,"TOAST","4_4_1",0.04775
50,"CARseq","4_4_1",0.2835
50,"TOAST","4_4_1",0.09175
50,"TOAST","4_4_1",0.11875
50,"CARseq","4_0.25_1",0.263
50,"TOAST","4_0.25_1",0.115
50,"TOAST","4_0.25_1",0.147
50,"CARseq","4_0.25_1",0.1565
50,"TOAST","4_0.25_1",0.08175
50,"TOAST","4_0.25_1",0.0445
50,"CARseq","4_0.25_1",0.2875
50,"TOAST","4_0.25_1",0.07325
50,"TOAST","4_0.25_1",0.1235
50,"CARseq","4_0.25_1",0.24775
50,"TOAST","4_0.25_1",0.07775
50,"TOAST","4_0.25_1",0.02825
50,"CARseq","4_0.25_1",0.22375
50,"TOAST","4_0.25_1",0.08625
50,"TOAST","4_0.25_1",0.12225
50,"CARseq","4_0.25_1",0.149
50,"TOAST","4_0.25_1",0.04475
50,"TOAST","4_0.25_1",0.06425
50,"CARseq","4_0.25_1",0.2535
50,"TOAST","4_0.25_1",0.09175
50,"TOAST","4_0.25_1",0.066
50,"CARseq","4_0.25_1",0.24175
50,"TOAST","4_0.25_1",0.08525
50,"TOAST","4_0.25_1",0.01325
50,"CARseq","4_0.25_1",0.23325
50,"TOAST","4_0.25_1",0.06075
50,"TOAST","4_0.25_1",0.001
50,"CARseq","4_0.25_1",0.228
50,"TOAST","4_0.25_1",0.092
50,"TOAST","4_0.25_1",0.06625
50,"CARseq","1_4_1",0.0735
50,"TOAST","1_4_1",0.03
50,"TOAST","1_4_1",0.022
50,"CARseq","1_4_1",0.072
50,"TOAST","1_4_1",0.0505
50,"TOAST","1_4_1",0.002
50,"CARseq","1_4_1",0.051
50,"TOAST","1_4_1",0.0065
50,"TOAST","1_4_1",0
50,"CARseq","1_4_1",0.0565
50,"TOAST","1_4_1",0.0235
50,"TOAST","1_4_1",0.0015
50,"CARseq","1_4_1",0.0535
50,"TOAST","1_4_1",0.0275
50,"TOAST","1_4_1",0.0025
50,"CARseq","1_4_1",0.0655
50,"TOAST","1_4_1",0.0195
50,"TOAST","1_4_1",0
50,"CARseq","1_4_1",0.059
50,"TOAST","1_4_1",0.0135
50,"TOAST","1_4_1",0.01
50,"CARseq","1_4_1",0.1165
50,"TOAST","1_4_1",0.028
50,"TOAST","1_4_1",0.008
50,"CARseq","1_4_1",0.082
50,"TOAST","1_4_1",0.048
50,"TOAST","1_4_1",0.0455
50,"CARseq","1_4_1",0.084
50,"TOAST","1_4_1",0.039
50,"TOAST","1_4_1",0.0165
100,"CARseq","2_1_1",0.1875
100,"TOAST","2_1_1",0.0835
100,"TOAST","2_1_1",0.0415
100,"CARseq","2_1_1",0.1925
100,"TOAST","2_1_1",0.0765
100,"TOAST","2_1_1",0.0445
100,"CARseq","2_1_1",0.1915
100,"TOAST","2_1_1",0.079
100,"TOAST","2_1_1",0.093
100,"CARseq","2_1_1",0.2285
100,"TOAST","2_1_1",0.1075
100,"TOAST","2_1_1",0.089
100,"CARseq","2_1_1",0.25
100,"TOAST","2_1_1",0.106
100,"TOAST","2_1_1",0.1045
100,"CARseq","2_1_1",0.1675
100,"TOAST","2_1_1",0.0815
100,"TOAST","2_1_1",0.1
100,"CARseq","2_1_1",0.18
100,"TOAST","2_1_1",0.089
100,"TOAST","2_1_1",0.0695
100,"CARseq","2_1_1",0.1525
100,"TOAST","2_1_1",0.0325
100,"TOAST","2_1_1",0.0915
100,"CARseq","2_1_1",0.236
100,"TOAST","2_1_1",0.104
100,"TOAST","2_1_1",0.183
100,"CARseq","2_1_1",0.215
100,"TOAST","2_1_1",0.0705
100,"TOAST","2_1_1",0.0815
100,"CARseq","2_2_1",0.14325
100,"TOAST","2_2_1",0.0585
100,"TOAST","2_2_1",0.068
100,"CARseq","2_2_1",0.15875
100,"TOAST","2_2_1",0.073
100,"TOAST","2_2_1",0.10525
100,"CARseq","2_2_1",0.0755
100,"TOAST","2_2_1",0.03625
100,"TOAST","2_2_1",0.0155
100,"CARseq","2_2_1",0.11275
100,"TOAST","2_2_1",0.04775
100,"TOAST","2_2_1",0.04
100,"CARseq","2_2_1",0.0855
100,"TOAST","2_2_1",0.0335
100,"TOAST","2_2_1",0.09575
100,"CARseq","2_2_1",0.0555
100,"TOAST","2_2_1",0.0215
100,"TOAST","2_2_1",0.0065
100,"CARseq","2_2_1",0.163
100,"TOAST","2_2_1",0.06975
100,"TOAST","2_2_1",0.08275
100,"CARseq","2_2_1",0.09775
100,"TOAST","2_2_1",0.046
100,"TOAST","2_2_1",0.02325
100,"CARseq","2_2_1",0.07975
100,"TOAST","2_2_1",0.03325
100,"TOAST","2_2_1",0.012
100,"CARseq","2_2_1",0.117
100,"TOAST","2_2_1",0.0395
100,"TOAST","2_2_1",0.027
100,"CARseq","2_0.5_1",0.12875
100,"TOAST","2_0.5_1",0.0635
100,"TOAST","2_0.5_1",0.09225
100,"CARseq","2_0.5_1",0.086
100,"TOAST","2_0.5_1",0.04675
100,"TOAST","2_0.5_1",0.013
100,"CARseq","2_0.5_1",0.07725
100,"TOAST","2_0.5_1",0.0365
100,"TOAST","2_0.5_1",0.04575
100,"CARseq","2_0.5_1",0.11325
100,"TOAST","2_0.5_1",0.04125
100,"TOAST","2_0.5_1",0.05975
100,"CARseq","2_0.5_1",0.1045
100,"TOAST","2_0.5_1",0.04425
100,"TOAST","2_0.5_1",0.05275
100,"CARseq","2_0.5_1",0.10975
100,"TOAST","2_0.5_1",0.035
100,"TOAST","2_0.5_1",0.03325
100,"CARseq","2_0.5_1",0.096
100,"TOAST","2_0.5_1",0.0405
100,"TOAST","2_0.5_1",0.01375
100,"CARseq","2_0.5_1",0.15725
100,"TOAST","2_0.5_1",0.0505
100,"TOAST","2_0.5_1",0.091
100,"CARseq","2_0.5_1",0.08325
100,"TOAST","2_0.5_1",0.04125
100,"TOAST","2_0.5_1",0.03725
100,"CARseq","2_0.5_1",0.12025
100,"TOAST","2_0.5_1",0.049
100,"TOAST","2_0.5_1",0.043
100,"CARseq","1_2_1",0.007
100,"TOAST","1_2_1",0.0035
100,"TOAST","1_2_1",0.002
100,"CARseq","1_2_1",0.003
100,"TOAST","1_2_1",0.001
100,"TOAST","1_2_1",5e-04
100,"CARseq","1_2_1",0.0165
100,"TOAST","1_2_1",0.0125
100,"TOAST","1_2_1",0.007
100,"CARseq","1_2_1",0.0025
100,"TOAST","1_2_1",0.0015
100,"TOAST","1_2_1",0
100,"CARseq","1_2_1",0.009
100,"TOAST","1_2_1",0.0035
100,"TOAST","1_2_1",0
100,"CARseq","1_2_1",0.012
100,"TOAST","1_2_1",0
100,"TOAST","1_2_1",0
100,"CARseq","1_2_1",0.012
100,"TOAST","1_2_1",0.0025
100,"TOAST","1_2_1",0
100,"CARseq","1_2_1",0.0095
100,"TOAST","1_2_1",0.01
100,"TOAST","1_2_1",0.002
100,"CARseq","1_2_1",0.0165
100,"TOAST","1_2_1",0.013
100,"TOAST","1_2_1",0.0055
100,"CARseq","1_2_1",0.0135
100,"TOAST","1_2_1",0.0085
100,"TOAST","1_2_1",0.0035
100,"CARseq","3_1_1",0.514
100,"TOAST","3_1_1",0.251
100,"TOAST","3_1_1",0.3695
100,"CARseq","3_1_1",0.624
100,"TOAST","3_1_1",0.2935
100,"TOAST","3_1_1",0.355
100,"CARseq","3_1_1",0.5315
100,"TOAST","3_1_1",0.259
100,"TOAST","3_1_1",0.3375
100,"CARseq","3_1_1",0.51
100,"TOAST","3_1_1",0.252
100,"TOAST","3_1_1",0.259
100,"CARseq","3_1_1",0.504
100,"TOAST","3_1_1",0.2625
100,"TOAST","3_1_1",0.322
100,"CARseq","3_1_1",0.5675
100,"TOAST","3_1_1",0.3205
100,"TOAST","3_1_1",0.296
100,"CARseq","3_1_1",0.507
100,"TOAST","3_1_1",0.2385
100,"TOAST","3_1_1",0.18
100,"CARseq","3_1_1",0.5275
100,"TOAST","3_1_1",0.2595
100,"TOAST","3_1_1",0.2755
100,"CARseq","3_1_1",0.5695
100,"TOAST","3_1_1",0.276
100,"TOAST","3_1_1",0.311
100,"CARseq","3_1_1",0.6045
100,"TOAST","3_1_1",0.3305
100,"TOAST","3_1_1",0.4015
100,"CARseq","3_3_1",0.3215
100,"TOAST","3_3_1",0.16975
100,"TOAST","3_3_1",0.22725
100,"CARseq","3_3_1",0.26025
100,"TOAST","3_3_1",0.1405
100,"TOAST","3_3_1",0.1565
100,"CARseq","3_3_1",0.2585
100,"TOAST","3_3_1",0.12625
100,"TOAST","3_3_1",0.174
100,"CARseq","3_3_1",0.286
100,"TOAST","3_3_1",0.135
100,"TOAST","3_3_1",0.09925
100,"CARseq","3_3_1",0.27375
100,"TOAST","3_3_1",0.15075
100,"TOAST","3_3_1",0.14425
100,"CARseq","3_3_1",0.31525
100,"TOAST","3_3_1",0.15525
100,"TOAST","3_3_1",0.147
100,"CARseq","3_3_1",0.30475
100,"TOAST","3_3_1",0.14275
100,"TOAST","3_3_1",0.10775
100,"CARseq","3_3_1",0.32775
100,"TOAST","3_3_1",0.187
100,"TOAST","3_3_1",0.20725
100,"CARseq","3_3_1",0.28375
100,"TOAST","3_3_1",0.17525
100,"TOAST","3_3_1",0.164
100,"CARseq","3_3_1",0.30275
100,"TOAST","3_3_1",0.14625
100,"TOAST","3_3_1",0.13775
100,"CARseq","3_0.333_1",0.2035
100,"TOAST","3_0.333_1",0.1095
100,"TOAST","3_0.333_1",0.06075
100,"CARseq","3_0.333_1",0.25775
100,"TOAST","3_0.333_1",0.15525
100,"TOAST","3_0.333_1",0.10925
100,"CARseq","3_0.333_1",0.284
100,"TOAST","3_0.333_1",0.134
100,"TOAST","3_0.333_1",0.19275
100,"CARseq","3_0.333_1",0.252
100,"TOAST","3_0.333_1",0.10625
100,"TOAST","3_0.333_1",0.1095
100,"CARseq","3_0.333_1",0.29525
100,"TOAST","3_0.333_1",0.163
100,"TOAST","3_0.333_1",0.16725
100,"CARseq","3_0.333_1",0.31
100,"TOAST","3_0.333_1",0.14975
100,"TOAST","3_0.333_1",0.186
100,"CARseq","3_0.333_1",0.23825
100,"TOAST","3_0.333_1",0.11725
100,"TOAST","3_0.333_1",0.12375
100,"CARseq","3_0.333_1",0.293
100,"TOAST","3_0.333_1",0.15075
100,"TOAST","3_0.333_1",0.148
100,"CARseq","3_0.333_1",0.2985
100,"TOAST","3_0.333_1",0.16175
100,"TOAST","3_0.333_1",0.1805
100,"CARseq","3_0.333_1",0.2655
100,"TOAST","3_0.333_1",0.13175
100,"TOAST","3_0.333_1",0.1705
100,"CARseq","1_3_1",0.0985
100,"TOAST","1_3_1",0.0715
100,"TOAST","1_3_1",0.04
100,"CARseq","1_3_1",0.104
100,"TOAST","1_3_1",0.066
100,"TOAST","1_3_1",0.045
100,"CARseq","1_3_1",0.0595
100,"TOAST","1_3_1",0.0505
100,"TOAST","1_3_1",0.062
100,"CARseq","1_3_1",0.092
100,"TOAST","1_3_1",0.061
100,"TOAST","1_3_1",0.042
100,"CARseq","1_3_1",0.103
100,"TOAST","1_3_1",0.083
100,"TOAST","1_3_1",0.0625
100,"CARseq","1_3_1",0.09
100,"TOAST","1_3_1",0.0665
100,"TOAST","1_3_1",0.0395
100,"CARseq","1_3_1",0.086
100,"TOAST","1_3_1",0.039
100,"TOAST","1_3_1",0.01
100,"CARseq","1_3_1",0.071
100,"TOAST","1_3_1",0.0395
100,"TOAST","1_3_1",0.0205
100,"CARseq","1_3_1",0.0755
100,"TOAST","1_3_1",0.062
100,"TOAST","1_3_1",0.046
100,"CARseq","1_3_1",0.088
100,"TOAST","1_3_1",0.036
100,"TOAST","1_3_1",0.0145
100,"CARseq","4_1_1",0.707
100,"TOAST","4_1_1",0.408
100,"TOAST","4_1_1",0.4215
100,"CARseq","4_1_1",0.588
100,"TOAST","4_1_1",0.3265
100,"TOAST","4_1_1",0.324
100,"CARseq","4_1_1",0.675
100,"TOAST","4_1_1",0.4945
100,"TOAST","4_1_1",0.4075
100,"CARseq","4_1_1",0.6595
100,"TOAST","4_1_1",0.3735
100,"TOAST","4_1_1",0.497
100,"CARseq","4_1_1",0.696
100,"TOAST","4_1_1",0.3105
100,"TOAST","4_1_1",0.3695
100,"CARseq","4_1_1",0.6355
100,"TOAST","4_1_1",0.351
100,"TOAST","4_1_1",0.2695
100,"CARseq","4_1_1",0.7085
100,"TOAST","4_1_1",0.404
100,"TOAST","4_1_1",0.5075
100,"CARseq","4_1_1",0.7965
100,"TOAST","4_1_1",0.5045
100,"TOAST","4_1_1",0.3395
100,"CARseq","4_1_1",0.731
100,"TOAST","4_1_1",0.4475
100,"TOAST","4_1_1",0.504
100,"CARseq","4_1_1",0.799
100,"TOAST","4_1_1",0.5235
100,"TOAST","4_1_1",0.527
100,"CARseq","4_4_1",0.367
100,"TOAST","4_4_1",0.18575
100,"TOAST","4_4_1",0.15625
100,"CARseq","4_4_1",0.34775
100,"TOAST","4_4_1",0.1715
100,"TOAST","4_4_1",0.17175
100,"CARseq","4_4_1",0.42
100,"TOAST","4_4_1",0.24675
100,"TOAST","4_4_1",0.23275
100,"CARseq","4_4_1",0.391
100,"TOAST","4_4_1",0.25675
100,"TOAST","4_4_1",0.28575
100,"CARseq","4_4_1",0.33525
100,"TOAST","4_4_1",0.18225
100,"TOAST","4_4_1",0.19925
100,"CARseq","4_4_1",0.3915
100,"TOAST","4_4_1",0.198
100,"TOAST","4_4_1",0.2165
100,"CARseq","4_4_1",0.3795
100,"TOAST","4_4_1",0.1835
100,"TOAST","4_4_1",0.1945
100,"CARseq","4_4_1",0.41575
100,"TOAST","4_4_1",0.2445
100,"TOAST","4_4_1",0.2145
100,"CARseq","4_4_1",0.41175
100,"TOAST","4_4_1",0.2395
100,"TOAST","4_4_1",0.283
100,"CARseq","4_4_1",0.337
100,"TOAST","4_4_1",0.23225
100,"TOAST","4_4_1",0.267
100,"CARseq","4_0.25_1",0.31775
100,"TOAST","4_0.25_1",0.1705
100,"TOAST","4_0.25_1",0.23725
100,"CARseq","4_0.25_1",0.355
100,"TOAST","4_0.25_1",0.17825
100,"TOAST","4_0.25_1",0.2405
100,"CARseq","4_0.25_1",0.35175
100,"TOAST","4_0.25_1",0.2115
100,"TOAST","4_0.25_1",0.239
100,"CARseq","4_0.25_1",0.3775
100,"TOAST","4_0.25_1",0.20775
100,"TOAST","4_0.25_1",0.18625
100,"CARseq","4_0.25_1",0.35175
100,"TOAST","4_0.25_1",0.21925
100,"TOAST","4_0.25_1",0.25125
100,"CARseq","4_0.25_1",0.3725
100,"TOAST","4_0.25_1",0.2205
100,"TOAST","4_0.25_1",0.21475
100,"CARseq","4_0.25_1",0.3725
100,"TOAST","4_0.25_1",0.20325
100,"TOAST","4_0.25_1",0.22675
100,"CARseq","4_0.25_1",0.37275
100,"TOAST","4_0.25_1",0.241
100,"TOAST","4_0.25_1",0.24925
100,"CARseq","4_0.25_1",0.3655
100,"TOAST","4_0.25_1",0.21725
100,"TOAST","4_0.25_1",0.10875
100,"CARseq","4_0.25_1",0.34175
100,"TOAST","4_0.25_1",0.1865
100,"TOAST","4_0.25_1",0.18975
100,"CARseq","1_4_1",0.126
100,"TOAST","1_4_1",0.1075
100,"TOAST","1_4_1",0.0815
100,"CARseq","1_4_1",0.19
100,"TOAST","1_4_1",0.141
100,"TOAST","1_4_1",0.122
100,"CARseq","1_4_1",0.22
100,"TOAST","1_4_1",0.1475
100,"TOAST","1_4_1",0.1175
100,"CARseq","1_4_1",0.167
100,"TOAST","1_4_1",0.127
100,"TOAST","1_4_1",0.101
100,"CARseq","1_4_1",0.1735
100,"TOAST","1_4_1",0.1365
100,"TOAST","1_4_1",0.1305
100,"CARseq","1_4_1",0.1745
100,"TOAST","1_4_1",0.1525
100,"TOAST","1_4_1",0.042
100,"CARseq","1_4_1",0.169
100,"TOAST","1_4_1",0.1055
100,"TOAST","1_4_1",0.061
100,"CARseq","1_4_1",0.193
100,"TOAST","1_4_1",0.1735
100,"TOAST","1_4_1",0.0395
100,"CARseq","1_4_1",0.1595
100,"TOAST","1_4_1",0.125
100,"TOAST","1_4_1",0.128
100,"CARseq","1_4_1",0.2405
100,"TOAST","1_4_1",0.1985
100,"TOAST","1_4_1",0.119
200,"CARseq","2_1_1",0.478
200,"TOAST","2_1_1",0.226
200,"TOAST","2_1_1",0.2605
200,"CARseq","2_1_1",0.3955
200,"TOAST","2_1_1",0.2085
200,"TOAST","2_1_1",0.195
200,"CARseq","2_1_1",0.562
200,"TOAST","2_1_1",0.294
200,"TOAST","2_1_1",0.375
200,"CARseq","2_1_1",0.4225
200,"TOAST","2_1_1",0.23
200,"TOAST","2_1_1",0.1975
200,"CARseq","2_1_1",0.3975
200,"TOAST","2_1_1",0.16
200,"TOAST","2_1_1",0.2615
200,"CARseq","2_1_1",0.46
200,"TOAST","2_1_1",0.225
200,"TOAST","2_1_1",0.2965
200,"CARseq","2_1_1",0.506
200,"TOAST","2_1_1",0.278
200,"TOAST","2_1_1",0.357
200,"CARseq","2_1_1",0.4915
200,"TOAST","2_1_1",0.241
200,"TOAST","2_1_1",0.28
200,"CARseq","2_1_1",0.4055
200,"TOAST","2_1_1",0.2205
200,"TOAST","2_1_1",0.204
200,"CARseq","2_1_1",0.417
200,"TOAST","2_1_1",0.2385
200,"TOAST","2_1_1",0.162
200,"CARseq","2_2_1",0.2835
200,"TOAST","2_2_1",0.16625
200,"TOAST","2_2_1",0.1935
200,"CARseq","2_2_1",0.256
200,"TOAST","2_2_1",0.14575
200,"TOAST","2_2_1",0.15125
200,"CARseq","2_2_1",0.24825
200,"TOAST","2_2_1",0.13175
200,"TOAST","2_2_1",0.15125
200,"CARseq","2_2_1",0.2215
200,"TOAST","2_2_1",0.115
200,"TOAST","2_2_1",0.1415
200,"CARseq","2_2_1",0.2355
200,"TOAST","2_2_1",0.12825
200,"TOAST","2_2_1",0.1435
200,"CARseq","2_2_1",0.26975
200,"TOAST","2_2_1",0.14825
200,"TOAST","2_2_1",0.168
200,"CARseq","2_2_1",0.24225
200,"TOAST","2_2_1",0.1525
200,"TOAST","2_2_1",0.17675
200,"CARseq","2_2_1",0.23575
200,"TOAST","2_2_1",0.1475
200,"TOAST","2_2_1",0.12475
200,"CARseq","2_2_1",0.27575
200,"TOAST","2_2_1",0.147
200,"TOAST","2_2_1",0.1435
200,"CARseq","2_2_1",0.236
200,"TOAST","2_2_1",0.13225
200,"TOAST","2_2_1",0.1275
200,"CARseq","2_0.5_1",0.23825
200,"TOAST","2_0.5_1",0.11575
200,"TOAST","2_0.5_1",0.144
200,"CARseq","2_0.5_1",0.203
200,"TOAST","2_0.5_1",0.10825
200,"TOAST","2_0.5_1",0.1545
200,"CARseq","2_0.5_1",0.206
200,"TOAST","2_0.5_1",0.1085
200,"TOAST","2_0.5_1",0.12625
200,"CARseq","2_0.5_1",0.234
200,"TOAST","2_0.5_1",0.12875
200,"TOAST","2_0.5_1",0.13425
200,"CARseq","2_0.5_1",0.25675
200,"TOAST","2_0.5_1",0.16675
200,"TOAST","2_0.5_1",0.17475
200,"CARseq","2_0.5_1",0.2485
200,"TOAST","2_0.5_1",0.1395
200,"TOAST","2_0.5_1",0.15525
200,"CARseq","2_0.5_1",0.2165
200,"TOAST","2_0.5_1",0.1025
200,"TOAST","2_0.5_1",0.13975
200,"CARseq","2_0.5_1",0.2495
200,"TOAST","2_0.5_1",0.112
200,"TOAST","2_0.5_1",0.15475
200,"CARseq","2_0.5_1",0.22575
200,"TOAST","2_0.5_1",0.126
200,"TOAST","2_0.5_1",0.15375
200,"CARseq","2_0.5_1",0.18775
200,"TOAST","2_0.5_1",0.10125
200,"TOAST","2_0.5_1",0.10025
200,"CARseq","1_2_1",0.0555
200,"TOAST","1_2_1",0.0485
200,"TOAST","1_2_1",0.0505
200,"CARseq","1_2_1",0.05
200,"TOAST","1_2_1",0.0385
200,"TOAST","1_2_1",0.047
200,"CARseq","1_2_1",0.0505
200,"TOAST","1_2_1",0.048
200,"TOAST","1_2_1",0.0305
200,"CARseq","1_2_1",0.048
200,"TOAST","1_2_1",0.046
200,"TOAST","1_2_1",0.0325
200,"CARseq","1_2_1",0.05
200,"TOAST","1_2_1",0.0425
200,"TOAST","1_2_1",0.04
200,"CARseq","1_2_1",0.036
200,"TOAST","1_2_1",0.0295
200,"TOAST","1_2_1",0.0345
200,"CARseq","1_2_1",0.0405
200,"TOAST","1_2_1",0.0305
200,"TOAST","1_2_1",0.045
200,"CARseq","1_2_1",0.056
200,"TOAST","1_2_1",0.0485
200,"TOAST","1_2_1",0.0265
200,"CARseq","1_2_1",0.0255
200,"TOAST","1_2_1",0.015
200,"TOAST","1_2_1",0.0045
200,"CARseq","1_2_1",0.036
200,"TOAST","1_2_1",0.026
200,"TOAST","1_2_1",0.016
200,"CARseq","3_1_1",0.7965
200,"TOAST","3_1_1",0.523
200,"TOAST","3_1_1",0.5345
200,"CARseq","3_1_1",0.712
200,"TOAST","3_1_1",0.404
200,"TOAST","3_1_1",0.4355
200,"CARseq","3_1_1",0.733
200,"TOAST","3_1_1",0.4165
200,"TOAST","3_1_1",0.432
200,"CARseq","3_1_1",0.748
200,"TOAST","3_1_1",0.431
200,"TOAST","3_1_1",0.5295
200,"CARseq","3_1_1",0.801
200,"TOAST","3_1_1",0.4595
200,"TOAST","3_1_1",0.471
200,"CARseq","3_1_1",0.7845
200,"TOAST","3_1_1",0.432
200,"TOAST","3_1_1",0.5655
200,"CARseq","3_1_1",0.7105
200,"TOAST","3_1_1",0.4305
200,"TOAST","3_1_1",0.486
200,"CARseq","3_1_1",0.732
200,"TOAST","3_1_1",0.3985
200,"TOAST","3_1_1",0.5555
200,"CARseq","3_1_1",0.756
200,"TOAST","3_1_1",0.438
200,"TOAST","3_1_1",0.5285
200,"CARseq","3_1_1",0.756
200,"TOAST","3_1_1",0.437
200,"TOAST","3_1_1",0.5585
200,"CARseq","3_3_1",0.41025
200,"TOAST","3_3_1",0.239
200,"TOAST","3_3_1",0.25775
200,"CARseq","3_3_1",0.4895
200,"TOAST","3_3_1",0.36625
200,"TOAST","3_3_1",0.3065
200,"CARseq","3_3_1",0.39675
200,"TOAST","3_3_1",0.2245
200,"TOAST","3_3_1",0.2165
200,"CARseq","3_3_1",0.4205
200,"TOAST","3_3_1",0.27075
200,"TOAST","3_3_1",0.308
200,"CARseq","3_3_1",0.42775
200,"TOAST","3_3_1",0.3085
200,"TOAST","3_3_1",0.284
200,"CARseq","3_3_1",0.4195
200,"TOAST","3_3_1",0.27475
200,"TOAST","3_3_1",0.30175
200,"CARseq","3_3_1",0.445
200,"TOAST","3_3_1",0.294
200,"TOAST","3_3_1",0.285
200,"CARseq","3_3_1",0.41975
200,"TOAST","3_3_1",0.2585
200,"TOAST","3_3_1",0.263
200,"CARseq","3_3_1",0.44675
200,"TOAST","3_3_1",0.29825
200,"TOAST","3_3_1",0.35375
200,"CARseq","3_3_1",0.43825
200,"TOAST","3_3_1",0.29075
200,"TOAST","3_3_1",0.291
200,"CARseq","3_0.333_1",0.38825
200,"TOAST","3_0.333_1",0.24475
200,"TOAST","3_0.333_1",0.25025
200,"CARseq","3_0.333_1",0.38825
200,"TOAST","3_0.333_1",0.2205
200,"TOAST","3_0.333_1",0.27325
200,"CARseq","3_0.333_1",0.37575
200,"TOAST","3_0.333_1",0.225
200,"TOAST","3_0.333_1",0.233
200,"CARseq","3_0.333_1",0.35225
200,"TOAST","3_0.333_1",0.19975
200,"TOAST","3_0.333_1",0.204
200,"CARseq","3_0.333_1",0.38175
200,"TOAST","3_0.333_1",0.2155
200,"TOAST","3_0.333_1",0.247
200,"CARseq","3_0.333_1",0.38975
200,"TOAST","3_0.333_1",0.23625
200,"TOAST","3_0.333_1",0.2645
200,"CARseq","3_0.333_1",0.359
200,"TOAST","3_0.333_1",0.22425
200,"TOAST","3_0.333_1",0.25175
200,"CARseq","3_0.333_1",0.37
200,"TOAST","3_0.333_1",0.205
200,"TOAST","3_0.333_1",0.2075
200,"CARseq","3_0.333_1",0.37875
200,"TOAST","3_0.333_1",0.20875
200,"TOAST","3_0.333_1",0.2715
200,"CARseq","3_0.333_1",0.402
200,"TOAST","3_0.333_1",0.23425
200,"TOAST","3_0.333_1",0.31125
200,"CARseq","1_3_1",0.205
200,"TOAST","1_3_1",0.175
200,"TOAST","1_3_1",0.154
200,"CARseq","1_3_1",0.2465
200,"TOAST","1_3_1",0.198
200,"TOAST","1_3_1",0.227
200,"CARseq","1_3_1",0.2005
200,"TOAST","1_3_1",0.1895
200,"TOAST","1_3_1",0.1865
200,"CARseq","1_3_1",0.2015
200,"TOAST","1_3_1",0.1945
200,"TOAST","1_3_1",0.1665
200,"CARseq","1_3_1",0.195
200,"TOAST","1_3_1",0.162
200,"TOAST","1_3_1",0.193
200,"CARseq","1_3_1",0.2225
200,"TOAST","1_3_1",0.1995
200,"TOAST","1_3_1",0.1715
200,"CARseq","1_3_1",0.2215
200,"TOAST","1_3_1",0.1815
200,"TOAST","1_3_1",0.151
200,"CARseq","1_3_1",0.2095
200,"TOAST","1_3_1",0.1835
200,"TOAST","1_3_1",0.163
200,"CARseq","1_3_1",0.2305
200,"TOAST","1_3_1",0.219
200,"TOAST","1_3_1",0.1945
200,"CARseq","1_3_1",0.182
200,"TOAST","1_3_1",0.1725
200,"TOAST","1_3_1",0.126
200,"CARseq","4_1_1",0.865
200,"TOAST","4_1_1",0.5205
200,"TOAST","4_1_1",0.6575
200,"CARseq","4_1_1",0.8965
200,"TOAST","4_1_1",0.5755
200,"TOAST","4_1_1",0.681
200,"CARseq","4_1_1",0.8735
200,"TOAST","4_1_1",0.631
200,"TOAST","4_1_1",0.659
200,"CARseq","4_1_1",0.8655
200,"TOAST","4_1_1",0.582
200,"TOAST","4_1_1",0.5855
200,"CARseq","4_1_1",0.868
200,"TOAST","4_1_1",0.572
200,"TOAST","4_1_1",0.7135
200,"CARseq","4_1_1",0.9
200,"TOAST","4_1_1",0.5955
200,"TOAST","4_1_1",0.642
200,"CARseq","4_1_1",0.861
200,"TOAST","4_1_1",0.6025
200,"TOAST","4_1_1",0.6895
200,"CARseq","4_1_1",0.8605
200,"TOAST","4_1_1",0.5445
200,"TOAST","4_1_1",0.6585
200,"CARseq","4_1_1",0.901
200,"TOAST","4_1_1",0.5865
200,"TOAST","4_1_1",0.701
200,"CARseq","4_1_1",0.8925
200,"TOAST","4_1_1",0.535
200,"TOAST","4_1_1",0.634
200,"CARseq","4_4_1",0.5115
200,"TOAST","4_4_1",0.388
200,"TOAST","4_4_1",0.33325
200,"CARseq","4_4_1",0.51175
200,"TOAST","4_4_1",0.38925
200,"TOAST","4_4_1",0.38825
200,"CARseq","4_4_1",0.52925
200,"TOAST","4_4_1",0.39
200,"TOAST","4_4_1",0.41275
200,"CARseq","4_4_1",0.4915
200,"TOAST","4_4_1",0.35775
200,"TOAST","4_4_1",0.3755
200,"CARseq","4_4_1",0.5315
200,"TOAST","4_4_1",0.38475
200,"TOAST","4_4_1",0.32975
200,"CARseq","4_4_1",0.51825
200,"TOAST","4_4_1",0.369
200,"TOAST","4_4_1",0.34025
200,"CARseq","4_4_1",0.51325
200,"TOAST","4_4_1",0.378
200,"TOAST","4_4_1",0.41575
200,"CARseq","4_4_1",0.5075
200,"TOAST","4_4_1",0.3675
200,"TOAST","4_4_1",0.379
200,"CARseq","4_4_1",0.49725
200,"TOAST","4_4_1",0.37725
200,"TOAST","4_4_1",0.3485
200,"CARseq","4_4_1",0.524
200,"TOAST","4_4_1",0.41225
200,"TOAST","4_4_1",0.3735
200,"CARseq","4_0.25_1",0.44525
200,"TOAST","4_0.25_1",0.3
200,"TOAST","4_0.25_1",0.333
200,"CARseq","4_0.25_1",0.43525
200,"TOAST","4_0.25_1",0.3025
200,"TOAST","4_0.25_1",0.347
200,"CARseq","4_0.25_1",0.45575
200,"TOAST","4_0.25_1",0.295
200,"TOAST","4_0.25_1",0.357
200,"CARseq","4_0.25_1",0.452
200,"TOAST","4_0.25_1",0.30775
200,"TOAST","4_0.25_1",0.37125
200,"CARseq","4_0.25_1",0.43875
200,"TOAST","4_0.25_1",0.29375
200,"TOAST","4_0.25_1",0.338
200,"CARseq","4_0.25_1",0.43575
200,"TOAST","4_0.25_1",0.31675
200,"TOAST","4_0.25_1",0.31525
200,"CARseq","4_0.25_1",0.44625
200,"TOAST","4_0.25_1",0.347
200,"TOAST","4_0.25_1",0.37
200,"CARseq","4_0.25_1",0.44225
200,"TOAST","4_0.25_1",0.302
200,"TOAST","4_0.25_1",0.3315
200,"CARseq","4_0.25_1",0.44875
200,"TOAST","4_0.25_1",0.30875
200,"TOAST","4_0.25_1",0.3695
200,"CARseq","4_0.25_1",0.44175
200,"TOAST","4_0.25_1",0.27925
200,"TOAST","4_0.25_1",0.31575
200,"CARseq","1_4_1",0.3045
200,"TOAST","1_4_1",0.2795
200,"TOAST","1_4_1",0.225
200,"CARseq","1_4_1",0.348
200,"TOAST","1_4_1",0.3065
200,"TOAST","1_4_1",0.299
200,"CARseq","1_4_1",0.314
200,"TOAST","1_4_1",0.3205
200,"TOAST","1_4_1",0.2495
200,"CARseq","1_4_1",0.357
200,"TOAST","1_4_1",0.3245
200,"TOAST","1_4_1",0.3395
200,"CARseq","1_4_1",0.309
200,"TOAST","1_4_1",0.277
200,"TOAST","1_4_1",0.3205
200,"CARseq","1_4_1",0.3555
200,"TOAST","1_4_1",0.3295
200,"TOAST","1_4_1",0.3075
200,"CARseq","1_4_1",0.38
200,"TOAST","1_4_1",0.3565
200,"TOAST","1_4_1",0.3415
200,"CARseq","1_4_1",0.297
200,"TOAST","1_4_1",0.2765
200,"TOAST","1_4_1",0.252
200,"CARseq","1_4_1",0.308
200,"TOAST","1_4_1",0.274
200,"TOAST","1_4_1",0.199
200,"CARseq","1_4_1",0.364
200,"TOAST","1_4_1",0.332
200,"TOAST","1_4_1",0.3115
